{
  "dependencies": {
    "secrets1": {
      "type": "secrets.user"
    },
    "mssql1": {
      "serviceConnectorResourceId": "",
      "secretStore": "LocalSecretsFile",
      "type": "mssql.onprem",
      "connectionId": "ConnectionStrings:DataConnection"
    },
    "mssql2": {
      "serviceConnectorResourceId": "",
      "secretStore": "LocalSecretsFile",
      "type": "mssql.local",
      "connectionId": "ConnectionStrings:DataConnections",
      "dynamicId": null
    },
    "mssql3": {
      "serviceConnectorResourceId": "",
      "secretStore": "LocalSecretsFile",
      "type": "mssql.local",
      "connectionId": "ConnectionStrings:DataConnectionss",
      "dynamicId": null
    }
  }
}